testuser1,testuser1
testuser2,testuser2
testuser3,testuser3
testuser4,testuser4
testuser5,testuser5
testuser6,testuser6
testuser7,testuser7
testuser8,testuser8
testuser9,testuser9
testuser10,testuser10
testuser11,testuser11
testuser12,testuser12
testuser13,testuser13
testuser14,testuser14
testuser15,testuser15
testuser16,testuser16
testuser17,testuser17
testuser18,testuser18
testuser19,testuser19
testuser20,testuser20
testuser21,testuser21
testuser22,testuser22
testuser23,testuser23
testuser24,testuser24
testuser25,testuser25
testuser26,testuser26
testuser27,testuser27
testuser28,testuser28
testuser29,testuser29
testuser30,testuser30
testuser31,testuser31
testuser32,testuser32
testuser33,testuser33
testuser34,testuser34
testuser35,testuser35
testuser36,testuser36
testuser37,testuser37
testuser38,testuser38
testuser39,testuser39
testuser40,testuser40
testuser41,testuser41
testuser42,testuser42
testuser43,testuser43
testuser44,testuser44
testuser45,testuser45
testuser46,testuser46
testuser47,testuser47
testuser48,testuser48
testuser49,testuser49
testuser50,testuser50
testuser51,testuser51
testuser52,testuser52
testuser53,testuser53
testuser54,testuser54
testuser55,testuser55
testuser56,testuser56
testuser57,testuser57
testuser58,testuser58
testuser59,testuser59
testuser60,testuser60
testuser61,testuser61
testuser62,testuser62
testuser63,testuser63
testuser64,testuser64
testuser65,testuser65
testuser66,testuser66
testuser67,testuser67
testuser68,testuser68
testuser69,testuser69
testuser70,testuser70
testuser71,testuser71
testuser72,testuser72
testuser73,testuser73
testuser74,testuser74
testuser75,testuser75
testuser76,testuser76
testuser77,testuser77
testuser78,testuser78
testuser79,testuser79
testuser80,testuser80
testuser81,testuser81
testuser82,testuser82
testuser83,testuser83
testuser84,testuser84
testuser85,testuser85
testuser86,testuser86
testuser87,testuser87
testuser88,testuser88
testuser89,testuser89
testuser90,testuser90
testuser91,testuser91
testuser92,testuser92
testuser93,testuser93
testuser94,testuser94
testuser95,testuser95
testuser96,testuser96
testuser97,testuser97
testuser98,testuser98
testuser99,testuser99
testuser100,testuser100
